config,m_tile,n_tile,simdgroups,mat_n,correct,time_us,gflops
32x16_sg1,32,16,1,512,yes,472,568.72
32x16_sg2,32,16,2,512,yes,460,583.56
32x16_sg3,32,16,3,512,yes,755,355.54
32x16_sg4,32,16,4,512,yes,734,365.72
32x16_sg5,32,16,5,512,yes,820,327.36
32x16_sg6,32,16,6,512,yes,740,362.75
32x16_sg7,32,16,7,512,yes,585,458.86
32x16_sg8,32,16,8,512,yes,830,323.42
32x16_sg9,32,16,9,512,yes,825,325.38
32x16_sg10,32,16,10,512,yes,473,567.52
32x16_sg11,32,16,11,512,yes,597,449.64
32x16_sg12,32,16,12,512,yes,729,368.22
32x16_sg13,32,16,13,512,yes,601,446.65
32x16_sg14,32,16,14,512,yes,647,414.89
32x16_sg15,32,16,15,512,yes,801,335.13
32x16_sg16,32,16,16,512,yes,652,411.71
32x16_sg17,32,16,17,512,yes,580,462.82
32x16_sg18,32,16,18,512,yes,600,447.39
32x16_sg19,32,16,19,512,yes,775,346.37
32x16_sg20,32,16,20,512,yes,792,338.93
32x16_sg21,32,16,21,512,yes,784,342.39
32x16_sg22,32,16,22,512,yes,715,375.43
32x16_sg23,32,16,23,512,yes,648,414.25
32x16_sg24,32,16,24,512,yes,822,326.56
32x16_sg25,32,16,25,512,yes,764,351.36
32x16_sg26,32,16,26,512,yes,664,404.27
32x16_sg27,32,16,27,512,yes,793,338.51
32x16_sg28,32,16,28,512,yes,865,310.33
32x16_sg29,32,16,29,512,yes,764,351.36
32x16_sg30,32,16,30,512,yes,833,322.25
32x16_sg31,32,16,31,512,yes,810,331.40
32x16_sg32,32,16,32,512,yes,820,327.36
32x32_sg1,32,32,1,512,yes,816,328.97
32x32_sg2,32,32,2,512,yes,795,337.65
32x32_sg3,32,32,3,512,yes,654,410.45
32x32_sg4,32,32,4,512,yes,397,676.16
32x32_sg5,32,32,5,512,yes,786,341.52
32x32_sg6,32,32,6,512,yes,848,316.55
32x32_sg7,32,32,7,512,yes,944,284.36
32x32_sg8,32,32,8,512,yes,885,303.32
32x32_sg9,32,32,9,512,yes,835,321.48
32x32_sg10,32,32,10,512,yes,962,279.04
32x32_sg11,32,32,11,512,yes,999,268.70
32x32_sg12,32,32,12,512,yes,1062,252.76
32x32_sg13,32,32,13,512,yes,785,341.96
32x32_sg14,32,32,14,512,yes,916,293.05
32x32_sg15,32,32,15,512,yes,512,524.29
32x32_sg16,32,32,16,512,yes,698,384.58
32x32_sg17,32,32,17,512,yes,776,345.92
32x32_sg18,32,32,18,512,yes,984,272.80
32x32_sg19,32,32,19,512,yes,706,380.22
32x32_sg20,32,32,20,512,yes,965,278.17
32x32_sg21,32,32,21,512,yes,778,345.03
32x32_sg22,32,32,22,512,yes,423,634.60
32x32_sg23,32,32,23,512,yes,762,352.28
32x32_sg24,32,32,24,512,yes,788,340.65
32x32_sg25,32,32,25,512,yes,784,342.39
32x32_sg26,32,32,26,512,yes,968,277.31
32x32_sg27,32,32,27,512,yes,783,342.83
32x32_sg28,32,32,28,512,yes,975,275.32
32x32_sg29,32,32,29,512,yes,780,344.15
32x32_sg30,32,32,30,512,yes,951,282.27
32x32_sg31,32,32,31,512,yes,754,356.02
32x32_sg32,32,32,32,512,yes,924,290.51
64x32_sg1,64,32,1,512,yes,589,455.75
64x32_sg2,64,32,2,512,yes,230,1167.11
64x32_sg3,64,32,3,512,yes,700,383.48
64x32_sg4,64,32,4,512,yes,496,541.20
64x32_sg5,64,32,5,512,yes,830,323.42
64x32_sg6,64,32,6,512,yes,669,401.25
64x32_sg7,64,32,7,512,yes,827,324.59
64x32_sg8,64,32,8,512,yes,815,329.37
64x32_sg9,64,32,9,512,yes,822,326.56
64x32_sg10,64,32,10,512,yes,432,621.38
64x32_sg11,64,32,11,512,yes,831,323.03
64x32_sg12,64,32,12,512,yes,810,331.40
64x32_sg13,64,32,13,512,yes,812,330.59
64x32_sg14,64,32,14,512,yes,803,334.29
64x32_sg15,64,32,15,512,yes,809,331.81
64x32_sg16,64,32,16,512,yes,1043,257.37
64x32_sg17,64,32,17,512,yes,823,326.17
64x32_sg18,64,32,18,512,yes,822,326.56
64x32_sg19,64,32,19,512,yes,824,325.77
64x32_sg20,64,32,20,512,yes,806,333.05
64x32_sg21,64,32,21,512,yes,828,324.20
64x32_sg22,64,32,22,512,yes,819,327.76
64x32_sg23,64,32,23,512,yes,455,589.97
64x32_sg24,64,32,24,512,yes,808,332.22
64x32_sg25,64,32,25,512,yes,826,324.98
64x32_sg26,64,32,26,512,yes,803,334.29
64x32_sg27,64,32,27,512,yes,837,320.71
64x32_sg28,64,32,28,512,yes,801,335.13
64x32_sg29,64,32,29,512,yes,826,324.98
64x32_sg30,64,32,30,512,yes,808,332.22
64x32_sg31,64,32,31,512,yes,820,327.36
64x32_sg32,64,32,32,512,yes,809,331.81
64x64_sg1,64,64,1,512,yes,770,348.62
64x64_sg2,64,64,2,512,yes,484,554.62
64x64_sg3,64,64,3,512,yes,761,352.74
64x64_sg4,64,64,4,512,yes,517,519.22
64x64_sg5,64,64,5,512,yes,634,423.40
64x64_sg6,64,64,6,512,yes,689,389.60
64x64_sg7,64,64,7,512,yes,771,348.17
64x64_sg8,64,64,8,512,yes,502,534.73
64x64_sg9,64,64,9,512,yes,844,318.05
64x64_sg10,64,64,10,512,yes,582,461.23
64x64_sg11,64,64,11,512,yes,851,315.44
64x64_sg12,64,64,12,512,yes,674,398.27
64x64_sg13,64,64,13,512,yes,833,322.25
64x64_sg14,64,64,14,512,yes,746,359.83
64x64_sg15,64,64,15,512,yes,837,320.71
64x64_sg16,64,64,16,512,yes,805,333.46
64x64_sg17,64,64,17,512,yes,842,318.81
64x64_sg18,64,64,18,512,yes,798,336.39
64x64_sg19,64,64,19,512,yes,1105,242.93
64x64_sg20,64,64,20,512,yes,841,319.19
64x64_sg21,64,64,21,512,yes,833,322.25
64x64_sg22,64,64,22,512,yes,819,327.76
64x64_sg23,64,64,23,512,yes,830,323.42
64x64_sg24,64,64,24,512,yes,814,329.77
64x64_sg25,64,64,25,512,yes,1023,262.40
64x64_sg26,64,64,26,512,yes,838,320.33
64x64_sg27,64,64,27,512,yes,846,317.30
64x64_sg28,64,64,28,512,yes,811,330.99
64x64_sg29,64,64,29,512,yes,769,349.07
64x64_sg30,64,64,30,512,yes,998,268.97
64x64_sg31,64,64,31,512,yes,1008,266.31
64x64_sg32,64,64,32,512,yes,1010,265.78
128x32_sg1,128,32,1,512,yes,1008,266.31
128x32_sg2,128,32,2,512,yes,657,408.58
128x32_sg3,128,32,3,512,yes,1087,246.95
128x32_sg4,128,32,4,512,yes,922,291.14
128x32_sg5,128,32,5,512,yes,416,645.28
128x32_sg6,128,32,6,512,yes,851,315.44
128x32_sg7,128,32,7,512,yes,888,302.29
128x32_sg8,128,32,8,512,yes,860,312.13
128x32_sg9,128,32,9,512,yes,869,308.90
128x32_sg10,128,32,10,512,yes,866,309.97
128x32_sg11,128,32,11,512,yes,873,307.49
128x32_sg12,128,32,12,512,yes,861,311.77
128x32_sg13,128,32,13,512,yes,1226,218.95
128x32_sg14,128,32,14,512,yes,860,312.13
128x32_sg15,128,32,15,512,yes,899,298.59
128x32_sg16,128,32,16,512,yes,485,553.48
128x32_sg17,128,32,17,512,yes,892,300.94
128x32_sg18,128,32,18,512,yes,867,309.61
128x32_sg19,128,32,19,512,yes,1091,246.05
128x32_sg20,128,32,20,512,yes,817,328.56
128x32_sg21,128,32,21,512,yes,880,305.04
128x32_sg22,128,32,22,512,yes,487,551.20
128x32_sg23,128,32,23,512,yes,872,307.84
128x32_sg24,128,32,24,512,yes,856,313.59
128x32_sg25,128,32,25,512,yes,890,301.61
128x32_sg26,128,32,26,512,yes,874,307.13
128x32_sg27,128,32,27,512,yes,440,610.08
128x32_sg28,128,32,28,512,yes,1140,235.47
128x32_sg29,128,32,29,512,yes,1045,256.88
128x32_sg30,128,32,30,512,yes,982,273.36
128x32_sg31,128,32,31,512,yes,993,270.33
128x32_sg32,128,32,32,512,yes,1118,240.10
128x64_sg1,128,64,1,512,yes,701,382.93
128x64_sg2,128,64,2,512,yes,537,499.88
128x64_sg3,128,64,3,512,yes,1168,229.82
128x64_sg4,128,64,4,512,yes,872,307.84
128x64_sg5,128,64,5,512,yes,769,349.07
128x64_sg6,128,64,6,512,yes,837,320.71
128x64_sg7,128,64,7,512,yes,927,289.57
128x64_sg8,128,64,8,512,yes,606,442.96
128x64_sg9,128,64,9,512,yes,1316,203.98
128x64_sg10,128,64,10,512,yes,722,371.79
128x64_sg11,128,64,11,512,yes,999,268.70
128x64_sg12,128,64,12,512,yes,801,335.13
128x64_sg13,128,64,13,512,yes,466,576.04
128x64_sg14,128,64,14,512,yes,1133,236.92
128x64_sg15,128,64,15,512,yes,959,279.91
128x64_sg16,128,64,16,512,yes,1146,234.24
128x64_sg17,128,64,17,512,yes,1087,246.95
128x64_sg18,128,64,18,512,yes,1194,224.82
128x64_sg19,128,64,19,512,yes,1231,218.06
128x64_sg20,128,64,20,512,yes,1187,226.15
128x64_sg21,128,64,21,512,yes,1188,225.96
128x64_sg22,128,64,22,512,yes,986,272.25
128x64_sg23,128,64,23,512,yes,974,275.60
128x64_sg24,128,64,24,512,yes,985,272.52
128x64_sg25,128,64,25,512,yes,1000,268.44
128x64_sg26,128,64,26,512,yes,939,285.87
128x64_sg27,128,64,27,512,yes,1004,267.37
128x64_sg28,128,64,28,512,yes,984,272.80
128x64_sg29,128,64,29,512,yes,1021,262.91
128x64_sg30,128,64,30,512,yes,989,271.42
128x64_sg31,128,64,31,512,yes,991,270.87
128x64_sg32,128,64,32,512,yes,994,270.06
128x128_sg1,128,128,1,512,yes,1891,141.95
128x128_sg2,128,128,2,512,yes,465,577.28
128x128_sg3,128,128,3,512,yes,1020,263.17
128x128_sg4,128,128,4,512,yes,834,321.87
128x128_sg5,128,128,5,512,yes,970,276.74
128x128_sg6,128,128,6,512,yes,862,311.41
128x128_sg7,128,128,7,512,yes,1179,227.68
128x128_sg8,128,128,8,512,yes,753,356.49
128x128_sg9,128,128,9,512,yes,1148,233.83
128x128_sg10,128,128,10,512,yes,870,308.55
128x128_sg11,128,128,11,512,yes,1155,232.41
128x128_sg12,128,128,12,512,yes,1220,220.03
128x128_sg13,128,128,13,512,yes,1091,246.05
128x128_sg14,128,128,14,512,yes,1135,236.51
128x128_sg15,128,128,15,512,yes,1201,223.51
128x128_sg16,128,128,16,512,yes,794,338.08
128x128_sg17,128,128,17,512,yes,612,438.62
128x128_sg18,128,128,18,512,yes,732,366.72
128x128_sg19,128,128,19,512,yes,1445,185.77
128x128_sg20,128,128,20,512,yes,1065,252.05
128x128_sg21,128,128,21,512,yes,1215,220.93
128x128_sg22,128,128,22,512,yes,1253,214.23
128x128_sg23,128,128,23,512,yes,1202,223.32
128x128_sg24,128,128,24,512,yes,876,306.43
128x128_sg25,128,128,25,512,yes,1217,220.57
128x128_sg26,128,128,26,512,yes,967,277.60
128x128_sg27,128,128,27,512,yes,1210,221.85
128x128_sg28,128,128,28,512,yes,1069,251.11
128x128_sg29,128,128,29,512,yes,1216,220.75
128x128_sg30,128,128,30,512,yes,1153,232.81
128x128_sg31,128,128,31,512,yes,1095,245.15
128x128_sg32,128,128,32,512,yes,1140,235.47
32x16_sg1,32,16,1,1024,yes,993,2162.62
32x16_sg2,32,16,2,1024,yes,627,3425.01
32x16_sg3,32,16,3,1024,yes,877,2448.67
32x16_sg4,32,16,4,1024,yes,669,3209.99
32x16_sg5,32,16,5,1024,yes,772,2781.71
32x16_sg6,32,16,6,1024,yes,728,2949.84
32x16_sg7,32,16,7,1024,yes,956,2246.32
32x16_sg8,32,16,8,1024,yes,1088,1973.79
32x16_sg9,32,16,9,1024,yes,1226,1751.62
32x16_sg10,32,16,10,1024,yes,1710,1255.84
32x16_sg11,32,16,11,1024,yes,1984,1082.40
32x16_sg12,32,16,12,1024,yes,951,2258.13
32x16_sg13,32,16,13,1024,yes,1112,1931.19
32x16_sg14,32,16,14,1024,yes,1051,2043.28
32x16_sg15,32,16,15,1024,yes,913,2352.12
32x16_sg16,32,16,16,1024,yes,961,2234.63
32x16_sg17,32,16,17,1024,yes,947,2267.67
32x16_sg18,32,16,18,1024,yes,879,2443.10
32x16_sg19,32,16,19,1024,yes,854,2514.62
32x16_sg20,32,16,20,1024,yes,823,2609.34
32x16_sg21,32,16,21,1024,yes,842,2550.46
32x16_sg22,32,16,22,1024,yes,937,2291.87
32x16_sg23,32,16,23,1024,yes,888,2418.34
32x16_sg24,32,16,24,1024,yes,888,2418.34
32x16_sg25,32,16,25,1024,yes,915,2346.98
32x16_sg26,32,16,26,1024,yes,840,2556.53
32x16_sg27,32,16,27,1024,yes,830,2587.33
32x16_sg28,32,16,28,1024,yes,849,2529.43
32x16_sg29,32,16,29,1024,yes,786,2732.17
32x16_sg30,32,16,30,1024,yes,867,2476.91
32x16_sg31,32,16,31,1024,yes,840,2556.53
32x16_sg32,32,16,32,1024,yes,859,2499.98
32x32_sg1,32,32,1,1024,yes,858,2502.89
32x32_sg2,32,32,2,1024,yes,772,2781.71
32x32_sg3,32,32,3,1024,yes,1119,1919.11
32x32_sg4,32,32,4,1024,yes,838,2562.63
32x32_sg5,32,32,5,1024,yes,1468,1462.86
32x32_sg6,32,32,6,1024,yes,1180,1819.90
32x32_sg7,32,32,7,1024,yes,1471,1459.88
32x32_sg8,32,32,8,1024,yes,1473,1457.90
32x32_sg9,32,32,9,1024,yes,1483,1448.07
32x32_sg10,32,32,10,1024,yes,1472,1458.89
32x32_sg11,32,32,11,1024,yes,1492,1439.33
32x32_sg12,32,32,12,1024,yes,1514,1418.42
32x32_sg13,32,32,13,1024,yes,1524,1409.11
32x32_sg14,32,32,14,1024,yes,1558,1378.36
32x32_sg15,32,32,15,1024,yes,1551,1384.58
32x32_sg16,32,32,16,1024,yes,1555,1381.02
32x32_sg17,32,32,17,1024,yes,1572,1366.08
32x32_sg18,32,32,18,1024,yes,1581,1358.31
32x32_sg19,32,32,19,1024,yes,1620,1325.61
32x32_sg20,32,32,20,1024,yes,1603,1339.67
32x32_sg21,32,32,21,1024,yes,1305,1645.58
32x32_sg22,32,32,22,1024,yes,1181,1818.36
32x32_sg23,32,32,23,1024,yes,1124,1910.57
32x32_sg24,32,32,24,1024,yes,1128,1903.80
32x32_sg25,32,32,25,1024,yes,1313,1635.55
32x32_sg26,32,32,26,1024,yes,1435,1496.50
32x32_sg27,32,32,27,1024,yes,1578,1360.89
32x32_sg28,32,32,28,1024,yes,1488,1443.20
32x32_sg29,32,32,29,1024,yes,1530,1403.58
32x32_sg30,32,32,30,1024,yes,1545,1389.96
32x32_sg31,32,32,31,1024,yes,1528,1405.42
32x32_sg32,32,32,32,1024,yes,1556,1380.13
64x32_sg1,64,32,1,1024,yes,900,2386.09
64x32_sg2,64,32,2,1024,yes,843,2547.43
64x32_sg3,64,32,3,1024,yes,1333,1611.02
64x32_sg4,64,32,4,1024,yes,932,2304.17
64x32_sg5,64,32,5,1024,yes,1637,1311.84
64x32_sg6,64,32,6,1024,yes,1313,1635.55
64x32_sg7,64,32,7,1024,yes,1664,1290.56
64x32_sg8,64,32,8,1024,yes,1634,1314.25
64x32_sg9,64,32,9,1024,yes,1606,1337.16
64x32_sg10,64,32,10,1024,yes,1679,1279.03
64x32_sg11,64,32,11,1024,yes,1703,1261.00
64x32_sg12,64,32,12,1024,yes,1734,1238.46
64x32_sg13,64,32,13,1024,yes,1763,1218.08
64x32_sg14,64,32,14,1024,yes,1716,1251.45
64x32_sg15,64,32,15,1024,yes,1678,1279.79
64x32_sg16,64,32,16,1024,yes,1700,1263.23
64x32_sg17,64,32,17,1024,yes,1680,1278.26
64x32_sg18,64,32,18,1024,yes,1687,1272.96
64x32_sg19,64,32,19,1024,yes,1713,1253.64
64x32_sg20,64,32,20,1024,yes,1714,1252.91
64x32_sg21,64,32,21,1024,yes,1719,1249.26
64x32_sg22,64,32,22,1024,yes,1710,1255.84
64x32_sg23,64,32,23,1024,yes,1726,1244.20
64x32_sg24,64,32,24,1024,yes,1746,1229.94
64x32_sg25,64,32,25,1024,yes,1756,1222.94
64x32_sg26,64,32,26,1024,yes,1773,1211.21
64x32_sg27,64,32,27,1024,yes,1826,1176.06
64x32_sg28,64,32,28,1024,yes,1807,1188.42
64x32_sg29,64,32,29,1024,yes,1683,1275.99
64x32_sg30,64,32,30,1024,yes,1434,1497.55
64x32_sg31,64,32,31,1024,yes,1277,1681.66
64x32_sg32,64,32,32,1024,yes,1198,1792.56
64x64_sg1,64,64,1,1024,yes,809,2654.49
64x64_sg2,64,64,2,1024,yes,726,2957.97
64x64_sg3,64,64,3,1024,yes,1017,2111.59
64x64_sg4,64,64,4,1024,yes,693,3098.82
64x64_sg5,64,64,5,1024,yes,872,2462.71
64x64_sg6,64,64,6,1024,yes,975,2202.55
64x64_sg7,64,64,7,1024,yes,1105,1943.42
64x64_sg8,64,64,8,1024,yes,711,3020.37
64x64_sg9,64,64,9,1024,yes,1217,1764.57
64x64_sg10,64,64,10,1024,yes,838,2562.63
64x64_sg11,64,64,11,1024,yes,1237,1736.04
64x64_sg12,64,64,12,1024,yes,968,2218.47
64x64_sg13,64,64,13,1024,yes,1220,1760.23
64x64_sg14,64,64,14,1024,yes,1088,1973.79
64x64_sg15,64,64,15,1024,yes,1215,1767.48
64x64_sg16,64,64,16,1024,yes,1213,1770.39
64x64_sg17,64,64,17,1024,yes,1227,1750.19
64x64_sg18,64,64,18,1024,yes,1214,1768.93
64x64_sg19,64,64,19,1024,yes,1217,1764.57
64x64_sg20,64,64,20,1024,yes,1215,1767.48
64x64_sg21,64,64,21,1024,yes,1226,1751.62
64x64_sg22,64,64,22,1024,yes,1209,1776.25
64x64_sg23,64,64,23,1024,yes,1224,1754.48
64x64_sg24,64,64,24,1024,yes,1214,1768.93
64x64_sg25,64,64,25,1024,yes,1231,1744.50
64x64_sg26,64,64,26,1024,yes,1203,1785.11
64x64_sg27,64,64,27,1024,yes,1233,1741.67
64x64_sg28,64,64,28,1024,yes,1198,1792.56
64x64_sg29,64,64,29,1024,yes,1217,1764.57
64x64_sg30,64,64,30,1024,yes,1211,1773.31
64x64_sg31,64,64,31,1024,yes,1233,1741.67
64x64_sg32,64,64,32,1024,yes,1210,1774.78
128x32_sg1,128,32,1,1024,yes,806,2664.37
128x32_sg2,128,32,2,1024,yes,703,3054.74
128x32_sg3,128,32,3,1024,yes,997,2153.95
128x32_sg4,128,32,4,1024,yes,709,3028.89
128x32_sg5,128,32,5,1024,yes,1241,1730.45
128x32_sg6,128,32,6,1024,yes,981,2189.08
128x32_sg7,128,32,7,1024,yes,1249,1719.36
128x32_sg8,128,32,8,1024,yes,1228,1748.77
128x32_sg9,128,32,9,1024,yes,1246,1723.50
128x32_sg10,128,32,10,1024,yes,1223,1755.91
128x32_sg11,128,32,11,1024,yes,1247,1722.12
128x32_sg12,128,32,12,1024,yes,1222,1757.35
128x32_sg13,128,32,13,1024,yes,1251,1716.61
128x32_sg14,128,32,14,1024,yes,1218,1763.12
128x32_sg15,128,32,15,1024,yes,1248,1720.74
128x32_sg16,128,32,16,1024,yes,1225,1753.05
128x32_sg17,128,32,17,1024,yes,1243,1727.66
128x32_sg18,128,32,18,1024,yes,1215,1767.48
128x32_sg19,128,32,19,1024,yes,1230,1745.92
128x32_sg20,128,32,20,1024,yes,1217,1764.57
128x32_sg21,128,32,21,1024,yes,1252,1715.24
128x32_sg22,128,32,22,1024,yes,1225,1753.05
128x32_sg23,128,32,23,1024,yes,1227,1750.19
128x32_sg24,128,32,24,1024,yes,1194,1798.56
128x32_sg25,128,32,25,1024,yes,1228,1748.77
128x32_sg26,128,32,26,1024,yes,1242,1729.05
128x32_sg27,128,32,27,1024,yes,1227,1750.19
128x32_sg28,128,32,28,1024,yes,1196,1795.55
128x32_sg29,128,32,29,1024,yes,1215,1767.48
128x32_sg30,128,32,30,1024,yes,1197,1794.05
128x32_sg31,128,32,31,1024,yes,1223,1755.91
128x32_sg32,128,32,32,1024,yes,1203,1785.11
128x64_sg1,128,64,1,1024,yes,875,2454.27
128x64_sg2,128,64,2,1024,yes,791,2714.90
128x64_sg3,128,64,3,1024,yes,1059,2027.84
128x64_sg4,128,64,4,1024,yes,724,2966.14
128x64_sg5,128,64,5,1024,yes,894,2402.11
128x64_sg6,128,64,6,1024,yes,1030,2084.94
128x64_sg7,128,64,7,1024,yes,1152,1864.14
128x64_sg8,128,64,8,1024,yes,707,3037.46
128x64_sg9,128,64,9,1024,yes,1274,1685.62
128x64_sg10,128,64,10,1024,yes,883,2432.03
128x64_sg11,128,64,11,1024,yes,1298,1654.46
128x64_sg12,128,64,12,1024,yes,1005,2136.80
128x64_sg13,128,64,13,1024,yes,1300,1651.91
128x64_sg14,128,64,14,1024,yes,1152,1864.14
128x64_sg15,128,64,15,1024,yes,1317,1630.59
128x64_sg16,128,64,16,1024,yes,1277,1681.66
128x64_sg17,128,64,17,1024,yes,1295,1658.29
128x64_sg18,128,64,18,1024,yes,1277,1681.66
128x64_sg19,128,64,19,1024,yes,1294,1659.57
128x64_sg20,128,64,20,1024,yes,1275,1684.30
128x64_sg21,128,64,21,1024,yes,1308,1641.81
128x64_sg22,128,64,22,1024,yes,1279,1679.03
128x64_sg23,128,64,23,1024,yes,1307,1643.06
128x64_sg24,128,64,24,1024,yes,1276,1682.98
128x64_sg25,128,64,25,1024,yes,1301,1650.64
128x64_sg26,128,64,26,1024,yes,1261,1703.00
128x64_sg27,128,64,27,1024,yes,1253,1713.87
128x64_sg28,128,64,28,1024,yes,1253,1713.87
128x64_sg29,128,64,29,1024,yes,1292,1662.14
128x64_sg30,128,64,30,1024,yes,1259,1705.71
128x64_sg31,128,64,31,1024,yes,1301,1650.64
128x64_sg32,128,64,32,1024,yes,1276,1682.98
128x128_sg1,128,128,1,1024,yes,1193,1800.07
128x128_sg2,128,128,2,1024,yes,891,2410.19
128x128_sg3,128,128,3,1024,yes,956,2246.32
128x128_sg4,128,128,4,1024,yes,786,2732.17
128x128_sg5,128,128,5,1024,yes,1000,2147.48
128x128_sg6,128,128,6,1024,yes,847,2535.40
128x128_sg7,128,128,7,1024,yes,1221,1758.79
128x128_sg8,128,128,8,1024,yes,747,2874.81
128x128_sg9,128,128,9,1024,yes,877,2448.67
128x128_sg10,128,128,10,1024,yes,905,2372.91
128x128_sg11,128,128,11,1024,yes,992,2164.80
128x128_sg12,128,128,12,1024,yes,1016,2113.67
128x128_sg13,128,128,13,1024,yes,1120,1917.40
128x128_sg14,128,128,14,1024,yes,1178,1822.99
128x128_sg15,128,128,15,1024,yes,1249,1719.36
128x128_sg16,128,128,16,1024,yes,736,2917.78
128x128_sg17,128,128,17,1024,yes,1309,1640.55
128x128_sg18,128,128,18,1024,yes,827,2596.72
128x128_sg19,128,128,19,1024,yes,1304,1646.84
128x128_sg20,128,128,20,1024,yes,876,2451.47
128x128_sg21,128,128,21,1024,yes,1288,1667.30
128x128_sg22,128,128,22,1024,yes,955,2248.67
128x128_sg23,128,128,23,1024,yes,1294,1659.57
128x128_sg24,128,128,24,1024,yes,1015,2115.75
128x128_sg25,128,128,25,1024,yes,1305,1645.58
128x128_sg26,128,128,26,1024,yes,1078,1992.10
128x128_sg27,128,128,27,1024,yes,1292,1662.14
128x128_sg28,128,128,28,1024,yes,1146,1873.89
128x128_sg29,128,128,29,1024,yes,1310,1639.30
128x128_sg30,128,128,30,1024,yes,1205,1782.14
128x128_sg31,128,128,31,1024,yes,1305,1645.58
128x128_sg32,128,128,32,1024,yes,1287,1668.60
32x16_sg1,32,16,1,2048,yes,3925,4377.04
32x16_sg2,32,16,2,2048,yes,4611,3725.84
32x16_sg3,32,16,3,2048,yes,5956,2884.46
32x16_sg4,32,16,4,2048,yes,4700,3655.29
32x16_sg5,32,16,5,2048,yes,4932,3483.35
32x16_sg6,32,16,6,2048,yes,4914,3496.11
32x16_sg7,32,16,7,2048,yes,4930,3484.76
32x16_sg8,32,16,8,2048,yes,4928,3486.17
32x16_sg9,32,16,9,2048,yes,4906,3501.81
32x16_sg10,32,16,10,2048,yes,5030,3415.48
32x16_sg11,32,16,11,2048,yes,4837,3551.76
32x16_sg12,32,16,12,2048,yes,5027,3417.52
32x16_sg13,32,16,13,2048,yes,5067,3390.54
32x16_sg14,32,16,14,2048,yes,5132,3347.60
32x16_sg15,32,16,15,2048,yes,5274,3257.46
32x16_sg16,32,16,16,2048,yes,5250,3272.36
32x16_sg17,32,16,17,2048,yes,5347,3212.99
32x16_sg18,32,16,18,2048,yes,5341,3216.60
32x16_sg19,32,16,19,2048,yes,5452,3151.11
32x16_sg20,32,16,20,2048,yes,5431,3163.30
32x16_sg21,32,16,21,2048,yes,5279,3254.38
32x16_sg22,32,16,22,2048,yes,5388,3188.54
32x16_sg23,32,16,23,2048,yes,5382,3192.10
32x16_sg24,32,16,24,2048,yes,5401,3180.87
32x16_sg25,32,16,25,2048,yes,5303,3239.65
32x16_sg26,32,16,26,2048,yes,5351,3210.59
32x16_sg27,32,16,27,2048,yes,5265,3263.03
32x16_sg28,32,16,28,2048,yes,5255,3269.24
32x16_sg29,32,16,29,2048,yes,5164,3326.85
32x16_sg30,32,16,30,2048,yes,5257,3268.00
32x16_sg31,32,16,31,2048,yes,5229,3285.50
32x16_sg32,32,16,32,2048,yes,5236,3281.11
32x32_sg1,32,32,1,2048,yes,4077,4213.85
32x32_sg2,32,32,2,2048,yes,4083,4207.66
32x32_sg3,32,32,3,2048,yes,6089,2821.46
32x32_sg4,32,32,4,2048,yes,4032,4260.88
32x32_sg5,32,32,5,2048,yes,7853,2187.68
32x32_sg6,32,32,6,2048,yes,5911,2906.42
32x32_sg7,32,32,7,2048,yes,7789,2205.66
32x32_sg8,32,32,8,2048,yes,7844,2190.19
32x32_sg9,32,32,9,2048,yes,7784,2207.07
32x32_sg10,32,32,10,2048,yes,7816,2198.04
32x32_sg11,32,32,11,2048,yes,7787,2206.22
32x32_sg12,32,32,12,2048,yes,7796,2203.68
32x32_sg13,32,32,13,2048,yes,7795,2203.96
32x32_sg14,32,32,14,2048,yes,7821,2196.63
32x32_sg15,32,32,15,2048,yes,7859,2186.01
32x32_sg16,32,32,16,2048,yes,7824,2195.79
32x32_sg17,32,32,17,2048,yes,7791,2205.09
32x32_sg18,32,32,18,2048,yes,7819,2197.20
32x32_sg19,32,32,19,2048,yes,7786,2206.51
32x32_sg20,32,32,20,2048,yes,7817,2197.76
32x32_sg21,32,32,21,2048,yes,7789,2205.66
32x32_sg22,32,32,22,2048,yes,7822,2196.35
32x32_sg23,32,32,23,2048,yes,7789,2205.66
32x32_sg24,32,32,24,2048,yes,7815,2198.32
32x32_sg25,32,32,25,2048,yes,7781,2207.93
32x32_sg26,32,32,26,2048,yes,7820,2196.91
32x32_sg27,32,32,27,2048,yes,7754,2215.61
32x32_sg28,32,32,28,2048,yes,7826,2195.23
32x32_sg29,32,32,29,2048,yes,7769,2211.34
32x32_sg30,32,32,30,2048,yes,7808,2200.29
32x32_sg31,32,32,31,2048,yes,7789,2205.66
32x32_sg32,32,32,32,2048,yes,7839,2191.59
64x32_sg1,64,32,1,2048,yes,3969,4328.51
64x32_sg2,64,32,2,2048,yes,3871,4438.10
64x32_sg3,64,32,3,2048,yes,5952,2886.40
64x32_sg4,64,32,4,2048,yes,3960,4338.35
64x32_sg5,64,32,5,2048,yes,7852,2187.96
64x32_sg6,64,32,6,2048,yes,5904,2909.87
64x32_sg7,64,32,7,2048,yes,7889,2177.70
64x32_sg8,64,32,8,2048,yes,7808,2200.29
64x32_sg9,64,32,9,2048,yes,7848,2189.08
64x32_sg10,64,32,10,2048,yes,7815,2198.32
64x32_sg11,64,32,11,2048,yes,7840,2191.31
64x32_sg12,64,32,12,2048,yes,7818,2197.48
64x32_sg13,64,32,13,2048,yes,7848,2189.08
64x32_sg14,64,32,14,2048,yes,7811,2199.45
64x32_sg15,64,32,15,2048,yes,7837,2192.15
64x32_sg16,64,32,16,2048,yes,7824,2195.79
64x32_sg17,64,32,17,2048,yes,7847,2189.36
64x32_sg18,64,32,18,2048,yes,7820,2196.91
64x32_sg19,64,32,19,2048,yes,7844,2190.19
64x32_sg20,64,32,20,2048,yes,7816,2198.04
64x32_sg21,64,32,21,2048,yes,7845,2189.91
64x32_sg22,64,32,22,2048,yes,7819,2197.20
64x32_sg23,64,32,23,2048,yes,7848,2189.08
64x32_sg24,64,32,24,2048,yes,7810,2199.73
64x32_sg25,64,32,25,2048,yes,7847,2189.36
64x32_sg26,64,32,26,2048,yes,7818,2197.48
64x32_sg27,64,32,27,2048,yes,7846,2189.63
64x32_sg28,64,32,28,2048,yes,7803,2201.70
64x32_sg29,64,32,29,2048,yes,7870,2182.96
64x32_sg30,64,32,30,2048,yes,7812,2199.16
64x32_sg31,64,32,31,2048,yes,7843,2190.47
64x32_sg32,64,32,32,2048,yes,7808,2200.29
64x64_sg1,64,64,1,2048,yes,4151,4138.73
64x64_sg2,64,64,2,2048,yes,3959,4339.45
64x64_sg3,64,64,3,2048,yes,5973,2876.25
64x64_sg4,64,64,4,2048,yes,3921,4381.50
64x64_sg5,64,64,5,2048,yes,5364,3202.81
64x64_sg6,64,64,6,2048,yes,5952,2886.40
64x64_sg7,64,64,7,2048,yes,6951,2471.57
64x64_sg8,64,64,8,2048,yes,4584,3747.79
64x64_sg9,64,64,9,2048,yes,7928,2166.99
64x64_sg10,64,64,10,2048,yes,5164,3326.85
64x64_sg11,64,64,11,2048,yes,7971,2155.30
64x64_sg12,64,64,12,2048,yes,5971,2877.22
64x64_sg13,64,64,13,2048,yes,7915,2170.55
64x64_sg14,64,64,14,2048,yes,6926,2480.49
64x64_sg15,64,64,15,2048,yes,7903,2173.84
64x64_sg16,64,64,16,2048,yes,7900,2174.67
64x64_sg17,64,64,17,2048,yes,7925,2167.81
64x64_sg18,64,64,18,2048,yes,7890,2177.42
64x64_sg19,64,64,19,2048,yes,7928,2166.99
64x64_sg20,64,64,20,2048,yes,7894,2176.32
64x64_sg21,64,64,21,2048,yes,7924,2168.08
64x64_sg22,64,64,22,2048,yes,7869,2183.23
64x64_sg23,64,64,23,2048,yes,7905,2173.29
64x64_sg24,64,64,24,2048,yes,7898,2175.22
64x64_sg25,64,64,25,2048,yes,7904,2173.57
64x64_sg26,64,64,26,2048,yes,7879,2180.46
64x64_sg27,64,64,27,2048,yes,7924,2168.08
64x64_sg28,64,64,28,2048,yes,7893,2176.60
64x64_sg29,64,64,29,2048,yes,7920,2169.18
64x64_sg30,64,64,30,2048,yes,7925,2167.81
64x64_sg31,64,64,31,2048,yes,7909,2172.19
64x64_sg32,64,64,32,2048,yes,7874,2181.85
128x32_sg1,128,32,1,2048,yes,4166,4123.83
128x32_sg2,128,32,2,2048,yes,4010,4284.26
128x32_sg3,128,32,3,2048,yes,6004,2861.40
128x32_sg4,128,32,4,2048,yes,3906,4398.33
128x32_sg5,128,32,5,2048,yes,7955,2159.63
128x32_sg6,128,32,6,2048,yes,5976,2874.81
128x32_sg7,128,32,7,2048,yes,7954,2159.90
128x32_sg8,128,32,8,2048,yes,7912,2171.37
128x32_sg9,128,32,9,2048,yes,7961,2158.00
128x32_sg10,128,32,10,2048,yes,7893,2176.60
128x32_sg11,128,32,11,2048,yes,7949,2161.26
128x32_sg12,128,32,12,2048,yes,7902,2174.12
128x32_sg13,128,32,13,2048,yes,7964,2157.19
128x32_sg14,128,32,14,2048,yes,7971,2155.30
128x32_sg15,128,32,15,2048,yes,7932,2165.89
128x32_sg16,128,32,16,2048,yes,7907,2172.74
128x32_sg17,128,32,17,2048,yes,7947,2161.81
128x32_sg18,128,32,18,2048,yes,7902,2174.12
128x32_sg19,128,32,19,2048,yes,7949,2161.26
128x32_sg20,128,32,20,2048,yes,7896,2175.77
128x32_sg21,128,32,21,2048,yes,7952,2160.45
128x32_sg22,128,32,22,2048,yes,7891,2177.15
128x32_sg23,128,32,23,2048,yes,7939,2163.98
128x32_sg24,128,32,24,2048,yes,7884,2179.08
128x32_sg25,128,32,25,2048,yes,7953,2160.17
128x32_sg26,128,32,26,2048,yes,7911,2171.64
128x32_sg27,128,32,27,2048,yes,7957,2159.09
128x32_sg28,128,32,28,2048,yes,7909,2172.19
128x32_sg29,128,32,29,2048,yes,7946,2162.08
128x32_sg30,128,32,30,2048,yes,7909,2172.19
128x32_sg31,128,32,31,2048,yes,7953,2160.17
128x32_sg32,128,32,32,2048,yes,7899,2174.94
128x64_sg1,128,64,1,2048,yes,4525,3796.66
128x64_sg2,128,64,2,2048,yes,4140,4149.73
128x64_sg3,128,64,3,2048,yes,6140,2798.02
128x64_sg4,128,64,4,2048,yes,3952,4347.13
128x64_sg5,128,64,5,2048,yes,5315,3232.34
128x64_sg6,128,64,6,2048,yes,5991,2867.61
128x64_sg7,128,64,7,2048,yes,7043,2439.28
128x64_sg8,128,64,8,2048,yes,3924,4378.15
128x64_sg9,128,64,9,2048,yes,7957,2159.09
128x64_sg10,128,64,10,2048,yes,5212,3296.21
128x64_sg11,128,64,11,2048,yes,7966,2156.65
128x64_sg12,128,64,12,2048,yes,5963,2881.08
128x64_sg13,128,64,13,2048,yes,7949,2161.26
128x64_sg14,128,64,14,2048,yes,6933,2477.98
128x64_sg15,128,64,15,2048,yes,7967,2156.38
128x64_sg16,128,64,16,2048,yes,7910,2171.92
128x64_sg17,128,64,17,2048,yes,7958,2158.82
128x64_sg18,128,64,18,2048,yes,7893,2176.60
128x64_sg19,128,64,19,2048,yes,7954,2159.90
128x64_sg20,128,64,20,2048,yes,7904,2173.57
128x64_sg21,128,64,21,2048,yes,7954,2159.90
128x64_sg22,128,64,22,2048,yes,7901,2174.39
128x64_sg23,128,64,23,2048,yes,7953,2160.17
128x64_sg24,128,64,24,2048,yes,7899,2174.94
128x64_sg25,128,64,25,2048,yes,7957,2159.09
128x64_sg26,128,64,26,2048,yes,7897,2175.49
128x64_sg27,128,64,27,2048,yes,7951,2160.72
128x64_sg28,128,64,28,2048,yes,7904,2173.57
128x64_sg29,128,64,29,2048,yes,7952,2160.45
128x64_sg30,128,64,30,2048,yes,7941,2163.44
128x64_sg31,128,64,31,2048,yes,7958,2158.82
128x64_sg32,128,64,32,2048,yes,7897,2175.49
128x128_sg1,128,128,1,2048,yes,4920,3491.84
128x128_sg2,128,128,2,2048,yes,4685,3666.99
128x128_sg3,128,128,3,2048,yes,7562,2271.87
128x128_sg4,128,128,4,2048,yes,4213,4077.82
128x128_sg5,128,128,5,2048,yes,7938,2164.26
128x128_sg6,128,128,6,2048,yes,5802,2961.03
128x128_sg7,128,128,7,2048,yes,8281,2074.61
128x128_sg8,128,128,8,2048,yes,4073,4217.99
128x128_sg9,128,128,9,2048,yes,5687,3020.90
128x128_sg10,128,128,10,2048,yes,5816,2953.90
128x128_sg11,128,128,11,2048,yes,5902,2910.86
128x128_sg12,128,128,12,2048,yes,6146,2795.29
128x128_sg13,128,128,13,2048,yes,6699,2564.54
128x128_sg14,128,128,14,2048,yes,7213,2381.79
128x128_sg15,128,128,15,2048,yes,7691,2233.76
128x128_sg16,128,128,16,2048,yes,4021,4272.54
128x128_sg17,128,128,17,2048,yes,8176,2101.26
128x128_sg18,128,128,18,2048,yes,5157,3331.37
128x128_sg19,128,128,19,2048,yes,8169,2103.06
128x128_sg20,128,128,20,2048,yes,5158,3330.72
128x128_sg21,128,128,21,2048,yes,8163,2104.60
128x128_sg22,128,128,22,2048,yes,5657,3036.92
128x128_sg23,128,128,23,2048,yes,8168,2103.31
128x128_sg24,128,128,24,2048,yes,6125,2804.88
128x128_sg25,128,128,25,2048,yes,8160,2105.38
128x128_sg26,128,128,26,2048,yes,6634,2589.67
128x128_sg27,128,128,27,2048,yes,8164,2104.34
128x128_sg28,128,128,28,2048,yes,7139,2406.48
128x128_sg29,128,128,29,2048,yes,8172,2102.28
128x128_sg30,128,128,30,2048,yes,7616,2255.76
128x128_sg31,128,128,31,2048,yes,8152,2107.44
128x128_sg32,128,128,32,2048,yes,8135,2111.85
32x16_sg1,32,16,1,4096,yes,29227,4702.47
32x16_sg2,32,16,2,4096,yes,30143,4559.56
32x16_sg3,32,16,3,4096,yes,48338,2843.29
32x16_sg4,32,16,4,4096,yes,46824,2935.22
32x16_sg5,32,16,5,4096,yes,49545,2774.02
32x16_sg6,32,16,6,4096,yes,49583,2771.90
32x16_sg7,32,16,7,4096,yes,49742,2763.04
32x16_sg8,32,16,8,4096,yes,49709,2764.87
32x16_sg9,32,16,9,4096,yes,50243,2735.48
32x16_sg10,32,16,10,4096,yes,50321,2731.24
32x16_sg11,32,16,11,4096,yes,51174,2685.72
32x16_sg12,32,16,12,4096,yes,50768,2707.20
32x16_sg13,32,16,13,4096,yes,50430,2725.34
32x16_sg14,32,16,14,4096,yes,50190,2738.37
32x16_sg15,32,16,15,4096,yes,50733,2709.06
32x16_sg16,32,16,16,4096,yes,50467,2723.34
32x16_sg17,32,16,17,4096,yes,50809,2705.01
32x16_sg18,32,16,18,4096,yes,50587,2716.88
32x16_sg19,32,16,19,4096,yes,50333,2730.59
32x16_sg20,32,16,20,4096,yes,50437,2724.96
32x16_sg21,32,16,21,4096,yes,50723,2709.60
32x16_sg22,32,16,22,4096,yes,50665,2712.70
32x16_sg23,32,16,23,4096,yes,50490,2722.10
32x16_sg24,32,16,24,4096,yes,50245,2735.38
32x16_sg25,32,16,25,4096,yes,50271,2733.96
32x16_sg26,32,16,26,4096,yes,50147,2740.72
32x16_sg27,32,16,27,4096,yes,50243,2735.48
32x16_sg28,32,16,28,4096,yes,50068,2745.05
32x16_sg29,32,16,29,4096,yes,50235,2735.92
32x16_sg30,32,16,30,4096,yes,50063,2745.32
32x16_sg31,32,16,31,4096,yes,50056,2745.70
32x16_sg32,32,16,32,4096,yes,50093,2743.68
32x32_sg1,32,32,1,4096,yes,29587,4645.25
32x32_sg2,32,32,2,4096,yes,30876,4451.32
32x32_sg3,32,32,3,4096,yes,49272,2789.39
32x32_sg4,32,32,4,4096,yes,32055,4287.60
32x32_sg5,32,32,5,4096,yes,64390,2134.48
32x32_sg6,32,32,6,4096,yes,47790,2875.89
32x32_sg7,32,32,7,4096,yes,64018,2146.88
32x32_sg8,32,32,8,4096,yes,64202,2140.73
32x32_sg9,32,32,9,4096,yes,63840,2152.87
32x32_sg10,32,32,10,4096,yes,63788,2154.62
32x32_sg11,32,32,11,4096,yes,63856,2152.33
32x32_sg12,32,32,12,4096,yes,63769,2155.26
32x32_sg13,32,32,13,4096,yes,63812,2153.81
32x32_sg14,32,32,14,4096,yes,63805,2154.05
32x32_sg15,32,32,15,4096,yes,63854,2152.39
32x32_sg16,32,32,16,4096,yes,63945,2149.33
32x32_sg17,32,32,17,4096,yes,63858,2152.26
32x32_sg18,32,32,18,4096,yes,63836,2153.00
32x32_sg19,32,32,19,4096,yes,63843,2152.76
32x32_sg20,32,32,20,4096,yes,63933,2149.73
32x32_sg21,32,32,21,4096,yes,63947,2149.26
32x32_sg22,32,32,22,4096,yes,64002,2147.42
32x32_sg23,32,32,23,4096,yes,64156,2142.26
32x32_sg24,32,32,24,4096,yes,63975,2148.32
32x32_sg25,32,32,25,4096,yes,63927,2149.94
32x32_sg26,32,32,26,4096,yes,63912,2150.44
32x32_sg27,32,32,27,4096,yes,63960,2148.83
32x32_sg28,32,32,28,4096,yes,63891,2151.15
32x32_sg29,32,32,29,4096,yes,63811,2153.84
32x32_sg30,32,32,30,4096,yes,64064,2145.34
32x32_sg31,32,32,31,4096,yes,63937,2149.60
32x32_sg32,32,32,32,4096,yes,64339,2136.17
64x32_sg1,64,32,1,4096,yes,30007,4580.23
64x32_sg2,64,32,2,4096,yes,29148,4715.21
64x32_sg3,64,32,3,4096,yes,47361,2901.94
64x32_sg4,64,32,4,4096,yes,32080,4284.26
64x32_sg5,64,32,5,4096,yes,65281,2105.34
64x32_sg6,64,32,6,4096,yes,48510,2833.21
64x32_sg7,64,32,7,4096,yes,64756,2122.41
64x32_sg8,64,32,8,4096,yes,64415,2133.65
64x32_sg9,64,32,9,4096,yes,64718,2123.66
64x32_sg10,64,32,10,4096,yes,64607,2127.31
64x32_sg11,64,32,11,4096,yes,64540,2129.52
64x32_sg12,64,32,12,4096,yes,64497,2130.94
64x32_sg13,64,32,13,4096,yes,64344,2136.00
64x32_sg14,64,32,14,4096,yes,64900,2117.70
64x32_sg15,64,32,15,4096,yes,64485,2131.33
64x32_sg16,64,32,16,4096,yes,64740,2122.94
64x32_sg17,64,32,17,4096,yes,64493,2131.07
64x32_sg18,64,32,18,4096,yes,64498,2130.90
64x32_sg19,64,32,19,4096,yes,64532,2129.78
64x32_sg20,64,32,20,4096,yes,64632,2126.48
64x32_sg21,64,32,21,4096,yes,64724,2123.46
64x32_sg22,64,32,22,4096,yes,64557,2128.96
64x32_sg23,64,32,23,4096,yes,64712,2123.86
64x32_sg24,64,32,24,4096,yes,64725,2123.43
64x32_sg25,64,32,25,4096,yes,64617,2126.98
64x32_sg26,64,32,26,4096,yes,64360,2135.47
64x32_sg27,64,32,27,4096,yes,64574,2128.39
64x32_sg28,64,32,28,4096,yes,64612,2127.14
64x32_sg29,64,32,29,4096,yes,64650,2125.89
64x32_sg30,64,32,30,4096,yes,64719,2123.63
64x32_sg31,64,32,31,4096,yes,65218,2107.38
64x32_sg32,64,32,32,4096,yes,64522,2130.11
64x64_sg1,64,64,1,4096,yes,83362,1648.70
64x64_sg2,64,64,2,4096,yes,30554,4498.23
64x64_sg3,64,64,3,4096,yes,90512,1518.46
64x64_sg4,64,64,4,4096,yes,35877,3830.84
64x64_sg5,64,64,5,4096,yes,63113,2177.66
64x64_sg6,64,64,6,4096,yes,66404,2069.74
64x64_sg7,64,64,7,4096,yes,66660,2061.79
64x64_sg8,64,64,8,4096,yes,46907,2930.03
64x64_sg9,64,64,9,4096,yes,73242,1876.50
64x64_sg10,64,64,10,4096,yes,51059,2691.77
64x64_sg11,64,64,11,4096,yes,72340,1899.90
64x64_sg12,64,64,12,4096,yes,52157,2635.10
64x64_sg13,64,64,13,4096,yes,69022,1991.23
64x64_sg14,64,64,14,4096,yes,61190,2246.10
64x64_sg15,64,64,15,4096,yes,68335,2011.25
64x64_sg16,64,64,16,4096,yes,67885,2024.59
64x64_sg17,64,64,17,4096,yes,67290,2042.49
64x64_sg18,64,64,18,4096,yes,67279,2042.82
64x64_sg19,64,64,19,4096,yes,67423,2038.46
64x64_sg20,64,64,20,4096,yes,67424,2038.43
64x64_sg21,64,64,21,4096,yes,67416,2038.67
64x64_sg22,64,64,22,4096,yes,67409,2038.88
64x64_sg23,64,64,23,4096,yes,67470,2037.04
64x64_sg24,64,64,24,4096,yes,67923,2023.45
64x64_sg25,64,64,25,4096,yes,67243,2043.91
64x64_sg26,64,64,26,4096,yes,67297,2042.27
64x64_sg27,64,64,27,4096,yes,67496,2036.25
64x64_sg28,64,64,28,4096,yes,67663,2031.23
64x64_sg29,64,64,29,4096,yes,67423,2038.46
64x64_sg30,64,64,30,4096,yes,67460,2037.34
64x64_sg31,64,64,31,4096,yes,67524,2035.41
64x64_sg32,64,64,32,4096,yes,67497,2036.22
128x32_sg1,128,32,1,4096,yes,77294,1778.13
128x32_sg2,128,32,2,4096,yes,33148,4146.22
128x32_sg3,128,32,3,4096,yes,53904,2549.70
128x32_sg4,128,32,4,4096,yes,30716,4474.51
128x32_sg5,128,32,5,4096,yes,65258,2106.09
128x32_sg6,128,32,6,4096,yes,50685,2711.63
128x32_sg7,128,32,7,4096,yes,66766,2058.52
128x32_sg8,128,32,8,4096,yes,66708,2060.31
128x32_sg9,128,32,9,4096,yes,67089,2048.61
128x32_sg10,128,32,10,4096,yes,66598,2063.71
128x32_sg11,128,32,11,4096,yes,66204,2075.99
128x32_sg12,128,32,12,4096,yes,66651,2062.07
128x32_sg13,128,32,13,4096,yes,66513,2066.35
128x32_sg14,128,32,14,4096,yes,66303,2072.89
128x32_sg15,128,32,15,4096,yes,66059,2080.55
128x32_sg16,128,32,16,4096,yes,66575,2064.42
128x32_sg17,128,32,17,4096,yes,66204,2075.99
128x32_sg18,128,32,18,4096,yes,66484,2067.25
128x32_sg19,128,32,19,4096,yes,66263,2074.14
128x32_sg20,128,32,20,4096,yes,66666,2061.60
128x32_sg21,128,32,21,4096,yes,66081,2079.86
128x32_sg22,128,32,22,4096,yes,66464,2067.87
128x32_sg23,128,32,23,4096,yes,66171,2077.03
128x32_sg24,128,32,24,4096,yes,66466,2067.81
128x32_sg25,128,32,25,4096,yes,66148,2077.75
128x32_sg26,128,32,26,4096,yes,66388,2070.24
128x32_sg27,128,32,27,4096,yes,66218,2075.55
128x32_sg28,128,32,28,4096,yes,66542,2065.45
128x32_sg29,128,32,29,4096,yes,66307,2072.77
128x32_sg30,128,32,30,4096,yes,66481,2067.34
128x32_sg31,128,32,31,4096,yes,66231,2075.15
128x32_sg32,128,32,32,4096,yes,66529,2065.85
128x64_sg1,128,64,1,4096,yes,92162,1491.28
128x64_sg2,128,64,2,4096,yes,84359,1629.22
128x64_sg3,128,64,3,4096,yes,117902,1165.71
128x64_sg4,128,64,4,4096,yes,35412,3881.14
128x64_sg5,128,64,5,4096,yes,84237,1631.57
128x64_sg6,128,64,6,4096,yes,90587,1517.20
128x64_sg7,128,64,7,4096,yes,77530,1772.72
128x64_sg8,128,64,8,4096,yes,34561,3976.71
128x64_sg9,128,64,9,4096,yes,75285,1825.58
128x64_sg10,128,64,10,4096,yes,65983,2082.94
128x64_sg11,128,64,11,4096,yes,78973,1740.33
128x64_sg12,128,64,12,4096,yes,56292,2441.54
128x64_sg13,128,64,13,4096,yes,75533,1819.59
128x64_sg14,128,64,14,4096,yes,65958,2083.73
128x64_sg15,128,64,15,4096,yes,75818,1812.75
128x64_sg16,128,64,16,4096,yes,73211,1877.30
128x64_sg17,128,64,17,4096,yes,74549,1843.61
128x64_sg18,128,64,18,4096,yes,72988,1883.03
128x64_sg19,128,64,19,4096,yes,75248,1826.48
128x64_sg20,128,64,20,4096,yes,73680,1865.35
128x64_sg21,128,64,21,4096,yes,75291,1825.44
128x64_sg22,128,64,22,4096,yes,73350,1873.74
128x64_sg23,128,64,23,4096,yes,75239,1826.70
128x64_sg24,128,64,24,4096,yes,72827,1887.20
128x64_sg25,128,64,25,4096,yes,74968,1833.30
128x64_sg26,128,64,26,4096,yes,72745,1889.33
128x64_sg27,128,64,27,4096,yes,75328,1824.54
128x64_sg28,128,64,28,4096,yes,73322,1874.46
128x64_sg29,128,64,29,4096,yes,74990,1832.76
128x64_sg30,128,64,30,4096,yes,73306,1874.87
128x64_sg31,128,64,31,4096,yes,74973,1833.18
128x64_sg32,128,64,32,4096,yes,72750,1889.20
128x128_sg1,128,128,1,4096,yes,93408,1471.38
128x128_sg2,128,128,2,4096,yes,101940,1348.23
128x128_sg3,128,128,3,4096,yes,136915,1003.83
128x128_sg4,128,128,4,4096,yes,84028,1635.63
128x128_sg5,128,128,5,4096,yes,158426,867.53
128x128_sg6,128,128,6,4096,yes,130825,1050.56
128x128_sg7,128,128,7,4096,yes,183255,749.99
128x128_sg8,128,128,8,4096,yes,35208,3903.63
128x128_sg9,128,128,9,4096,yes,133418,1030.14
128x128_sg10,128,128,10,4096,yes,138317,993.65
128x128_sg11,128,128,11,4096,yes,140503,978.19
128x128_sg12,128,128,12,4096,yes,133095,1032.64
128x128_sg13,128,128,13,4096,yes,144289,952.53
128x128_sg14,128,128,14,4096,yes,164429,835.86
128x128_sg15,128,128,15,4096,yes,150656,912.27
128x128_sg16,128,128,16,4096,yes,36965,3718.08
128x128_sg17,128,128,17,4096,yes,156852,876.23
128x128_sg18,128,128,18,4096,yes,127598,1077.12
128x128_sg19,128,128,19,4096,yes,160110,858.40
128x128_sg20,128,128,20,4096,yes,101460,1354.61
128x128_sg21,128,128,21,4096,yes,154467,889.76
128x128_sg22,128,128,22,4096,yes,131747,1043.20
128x128_sg23,128,128,23,4096,yes,160509,856.27
128x128_sg24,128,128,24,4096,yes,104348,1317.12
128x128_sg25,128,128,25,4096,yes,157020,875.30
128x128_sg26,128,128,26,4096,yes,131041,1048.82
128x128_sg27,128,128,27,4096,yes,154815,887.76
128x128_sg28,128,128,28,4096,yes,106563,1289.74
128x128_sg29,128,128,29,4096,yes,156657,877.32
128x128_sg30,128,128,30,4096,yes,133555,1029.08
128x128_sg31,128,128,31,4096,yes,157282,873.84
128x128_sg32,128,128,32,4096,yes,114304,1202.40
